average,Product
2978.89702392344,Chair
2682.44765458937,Desk
3028.39487389381,Laptop
3073.7235495283,Monitor
2549.55308205128,Phone
3243.5422535545,Printer
2852.24743958333,Tablet
